{"accuracy": [0.30977776646614075, 0.39197778701782227, 0.4233555495738983, 0.4414888918399811, 0.45942223072052, 0.4723333418369293, 0.4856888949871063, 0.49622222781181335, 0.5066444277763367, 0.5166000127792358, 0.5228000283241272, 0.5267555713653564, 0.5378666520118713, 0.5460444688796997, 0.5532000064849854, 0.5576221942901611, 0.5680222511291504, 0.5695111155509949, 0.5756444334983826, 0.5805555582046509], "loss": [1.9353599548339844, 1.7031432390213013, 1.6119580268859863, 1.5666507482528687, 1.515523076057434, 1.4736765623092651, 1.4402682781219482, 1.4124923944473267, 1.3897594213485718, 1.3590905666351318, 1.340986967086792, 1.3223851919174194, 1.2977792024612427, 1.2770262956619263, 1.2587132453918457, 1.2401328086853027, 1.2175700664520264, 1.2090920209884644, 1.1898276805877686, 1.1731520891189575], "val_accuracy": [0.36160001158714294, 0.40799999237060547, 0.42739999294281006, 0.4327999949455261, 0.45719999074935913, 0.4641999900341034, 0.47679999470710754, 0.48980000615119934, 0.4875999987125397, 0.4805999994277954, 0.4837999939918518, 0.5076000094413757, 0.4887999892234802, 0.4941999912261963, 0.49799999594688416, 0.5188000202178955, 0.5138000249862671, 0.5120000243186951, 0.5073999762535095, 0.5138000249862671], "val_loss": [1.7740038633346558, 1.6762515306472778, 1.6129094362258911, 1.5731090307235718, 1.5344159603118896, 1.504860758781433, 1.4808454513549805, 1.4475120306015015, 1.458037257194519, 1.4574923515319824, 1.460798740386963, 1.3951947689056396, 1.456633448600769, 1.4321690797805786, 1.427200436592102, 1.3834692239761353, 1.407987356185913, 1.3893415927886963, 1.4135500192642212, 1.3905367851257324]}