{"accuracy": [0.4288666546344757, 0.5947333574295044, 0.661466658115387, 0.7012888789176941, 0.7292666435241699, 0.7525555491447449, 0.767644464969635, 0.7879555821418762, 0.8001111149787903, 0.8154000043869019, 0.8193777799606323, 0.8305110931396484, 0.8401777744293213, 0.8458444476127625, 0.8522444367408752, 0.8569333553314209, 0.8632888793945312, 0.871066689491272, 0.8749111294746399, 0.8781777620315552], "loss": [1.7435672283172607, 1.1393619775772095, 0.9551864862442017, 0.8447134494781494, 0.7652627825737, 0.7001668810844421, 0.6568201184272766, 0.6070544719696045, 0.5718662142753601, 0.5355824828147888, 0.512129008769989, 0.48263540863990784, 0.4571986496448517, 0.4361673593521118, 0.4220565855503082, 0.4033605456352234, 0.38604089617729187, 0.36519888043403625, 0.35586604475975037, 0.34148940443992615], "val_accuracy": [0.2614000141620636, 0.6060000061988831, 0.7188000082969666, 0.7426000237464905, 0.7630000114440918, 0.7797999978065491, 0.7979999780654907, 0.8032000064849854, 0.7806000113487244, 0.8100000023841858, 0.8317999839782715, 0.8258000016212463, 0.8258000016212463, 0.8313999772071838, 0.8399999737739563, 0.8366000056266785, 0.8363999724388123, 0.8267999887466431, 0.8417999744415283, 0.8353999853134155], "val_loss": [2.357789993286133, 1.1219415664672852, 0.8003746867179871, 0.7282959222793579, 0.6918820142745972, 0.6395840048789978, 0.573070764541626, 0.5727202296257019, 0.6420621871948242, 0.5518839955329895, 0.5042252540588379, 0.5176103115081787, 0.5283294320106506, 0.5154130458831787, 0.4861242175102234, 0.497820109128952, 0.48568081855773926, 0.5417730808258057, 0.4864499568939209, 0.522881269454956]}