{"accuracy": [0.4068666696548462, 0.5808444619178772, 0.6610666513442993, 0.7033555507659912, 0.7363777756690979, 0.7556222081184387, 0.772599995136261, 0.7844444513320923, 0.8017555475234985, 0.8111333250999451, 0.8205333352088928, 0.8323110938072205, 0.8386666774749756, 0.8457777500152588, 0.853866696357727, 0.8612889051437378, 0.8660888671875, 0.868399977684021, 0.8764444589614868, 0.8781777620315552], "loss": [1.7832001447677612, 1.1716771125793457, 0.9595645070075989, 0.8384209275245667, 0.7537060976028442, 0.7028228044509888, 0.6480324864387512, 0.6119356155395508, 0.56999272108078, 0.5453788638114929, 0.5140644311904907, 0.4854143261909485, 0.464297354221344, 0.4418542683124542, 0.417589396238327, 0.3976333737373352, 0.38541948795318604, 0.3752381503582001, 0.3551042377948761, 0.34623363614082336], "val_accuracy": [0.22059999406337738, 0.5983999967575073, 0.7084000110626221, 0.7394000291824341, 0.7459999918937683, 0.7706000208854675, 0.7788000106811523, 0.7657999992370605, 0.7853999733924866, 0.7968000173568726, 0.8163999915122986, 0.8155999779701233, 0.8309999704360962, 0.8227999806404114, 0.8133999705314636, 0.8220000267028809, 0.8361999988555908, 0.8361999988555908, 0.8443999886512756, 0.852400004863739], "val_loss": [2.5733628273010254, 1.1578730344772339, 0.8398555517196655, 0.753964364528656, 0.7180293798446655, 0.6666921377182007, 0.6545835733413696, 0.6898508071899414, 0.6330413818359375, 0.6131793260574341, 0.5481104254722595, 0.5495380163192749, 0.4961393177509308, 0.5142059326171875, 0.6045598983764648, 0.5570010542869568, 0.4981750547885895, 0.487210214138031, 0.47674721479415894, 0.44785961508750916]}