{"accuracy": [0.34880000352859497, 0.4735777676105499, 0.5446000099182129, 0.5830888748168945, 0.6136666536331177, 0.6357333064079285, 0.654711127281189, 0.6722666621208191, 0.681244432926178, 0.6967333555221558, 0.7031333446502686, 0.7122889161109924, 0.7222444415092468, 0.7282222509384155, 0.7360000014305115, 0.7413333058357239, 0.7463555335998535, 0.7511555552482605, 0.7549111247062683, 0.7601777911186218], "loss": [1.958003282546997, 1.4536365270614624, 1.2724995613098145, 1.1738333702087402, 1.0927132368087769, 1.0285836458206177, 0.9825192093849182, 0.9360828995704651, 0.9098134636878967, 0.8720841407775879, 0.8500358462333679, 0.8314897418022156, 0.8009335994720459, 0.7762815356254578, 0.759097158908844, 0.7464454174041748, 0.7345294952392578, 0.7193277478218079, 0.7045723795890808, 0.6959854364395142], "val_accuracy": [0.24060000479221344, 0.5325999855995178, 0.54339998960495, 0.5663999915122986, 0.6159999966621399, 0.6516000032424927, 0.7099999785423279, 0.6873999834060669, 0.7271999716758728, 0.6967999935150146, 0.6647999882698059, 0.7193999886512756, 0.7365999817848206, 0.7404000163078308, 0.7527999877929688, 0.7771999835968018, 0.754800021648407, 0.7372000217437744, 0.7541999816894531, 0.753600001335144], "val_loss": [2.3755650520324707, 1.316999077796936, 1.3328531980514526, 1.3434827327728271, 1.1109908819198608, 1.048065185546875, 0.8310073018074036, 0.8997920155525208, 0.8190360069274902, 0.9213313460350037, 1.0123567581176758, 0.8737494349479675, 0.7727217078208923, 0.7786756753921509, 0.7140694856643677, 0.6434427499771118, 0.7011058926582336, 0.8071120977401733, 0.7491210699081421, 0.7509856820106506]}