{"accuracy": [0.3514222204685211, 0.4740222096443176, 0.5324666500091553], "loss": [1.9468120336532593, 1.4599682092666626, 1.3006476163864136], "val_accuracy": [0.219200000166893, 0.45879998803138733, 0.5090000033378601], "val_loss": [2.809892416000366, 1.6718978881835938, 1.5709198713302612]}