{"accuracy": [0.3427555561065674, 0.4733777642250061, 0.5392000079154968, 0.5821555852890015, 0.6072888970375061, 0.6315777897834778, 0.6551555395126343, 0.6693999767303467, 0.6823333501815796, 0.6964222192764282, 0.7049777507781982, 0.7132666707038879, 0.7220222353935242, 0.7278000116348267, 0.7324444651603699], "loss": [1.974567174911499, 1.4738514423370361, 1.2829289436340332, 1.1727219820022583, 1.1006934642791748, 1.0391170978546143, 0.9798668622970581, 0.9468483328819275, 0.9077158570289612, 0.8760360479354858, 0.8488681316375732, 0.8257104754447937, 0.8013415932655334, 0.7849169373512268, 0.764354944229126], "val_accuracy": [0.14820000529289246, 0.5546000003814697, 0.5314000248908997, 0.6010000109672546, 0.6399999856948853, 0.5867999792098999, 0.6754000186920166, 0.6872000098228455, 0.7311999797821045, 0.6808000206947327, 0.6962000131607056, 0.7667999863624573, 0.7501999735832214, 0.7458000183105469, 0.7408000230789185], "val_loss": [3.16090989112854, 1.2407660484313965, 1.4088085889816284, 1.1912354230880737, 1.0325082540512085, 1.3343874216079712, 0.9465706944465637, 0.9034051895141602, 0.7901108860969543, 0.9739563465118408, 0.9421741366386414, 0.6776943206787109, 0.7413066625595093, 0.7532464265823364, 0.7885053157806396], "learning_rate": [0.0010000000474974513, 0.0010000000474974513, 0.0010000000474974513, 0.0010000000474974513, 0.0010000000474974513, 0.0010000000474974513, 0.0010000000474974513, 0.0010000000474974513, 0.0010000000474974513, 0.0010000000474974513, 0.0010000000474974513, 0.0010000000474974513, 0.0010000000474974513, 0.0010000000474974513, 0.0010000000474974513]}